delta_bme688_res_ohms,max_delta_bme688_res_ohms,response_bme688_res_ohms_ms,delta_sgp41_sraw_voc,max_delta_sgp41_sraw_voc,response_sgp41_sraw_voc_ms,delta_sgp41_sraw_nox,max_delta_sgp41_sraw_nox,response_sgp41_sraw_nox_ms,voc_nox_ratio,mean_ambient_temp,mean_ambient_hum,label,session_id,compound
0.22631013575802614,0.2343468210787722,4000.0,0.5734204888580584,0.5863001495338996,3666.6666666666665,0.15642365933886215,0.18175270108043218,4333.333333333333,3.665793432324885,27.762666666666668,44.61985,1,synth_acetone_proxy_001,acetone_proxy
0.3160631665894854,0.3221849650840879,4000.0,0.766843939352125,0.7819584171696847,4000.0,0.2281938224720731,0.24074928485743288,4000.0,3.3604791337716384,27.16953333333333,48.02518333333334,1,synth_acetone_proxy_002,acetone_proxy
0.21786003443084834,0.22993083309447426,3833.3333333333335,0.5157635755700412,0.5344113323533343,4000.0,0.16168089068998018,0.19682179341657208,4666.666666666667,3.1899897593293316,25.98665,35.62331666666667,1,synth_acetone_proxy_003,acetone_proxy
0.18682380527567807,0.19635818061029015,4000.0,0.3535684002109896,0.36965931996166934,4000.0,0.17285271108010133,0.2057402671213413,4666.666666666667,2.045477635404334,27.95755,30.017216666666666,1,synth_acetone_proxy_004,acetone_proxy
0.2093217320619393,0.21840356430143498,4000.0,0.46310385462312986,0.4781723951543671,4000.0,0.1370210895522855,0.1609304986175994,3666.6666666666665,3.379775159876077,26.877116666666666,53.861250000000005,1,synth_acetone_proxy_005,acetone_proxy
0.22896668786875005,0.24186101778324218,4000.0,0.31927794366938633,0.3323991797676008,3666.6666666666665,0.21841522843525443,0.23325310870437224,4333.333333333333,1.4617867269145275,29.973299999999995,53.492016666666665,1,synth_acetone_proxy_006,acetone_proxy
0.38922045282350465,0.39921961534272943,4000.0,0.6963352290599825,0.7072817467501901,4000.0,0.17655213138516357,0.19656583807527203,4166.666666666667,3.94405482132671,23.120649999999998,59.547000000000004,1,synth_acetone_proxy_007,acetone_proxy
0.32862106637644556,0.3368481413456303,4000.0,0.541073367414448,0.5474227153958396,3833.3333333333335,0.11408657655823896,0.1260520649833627,4333.333333333333,4.74261425947849,30.23306666666667,72.80775,1,synth_acetone_proxy_008,acetone_proxy
0.37514777427609663,0.3816271005894416,4000.0,0.6460300005988255,0.649750171450965,3833.3333333333335,0.2195124200093793,0.2363890181479758,4500.0,2.9430091361668103,29.710166666666666,49.59106666666666,1,synth_acetone_proxy_009,acetone_proxy
0.2078540356362795,0.2162533262043721,4000.0,0.33656549358751836,0.3563120868243363,4000.0,0.1573477596221087,0.16899441340782123,4000.0,2.13897773580052,25.33835,44.58923333333334,1,synth_acetone_proxy_010,acetone_proxy
0.34194250859962677,0.3503248083173978,4000.0,0.4914239212002365,0.5077723474696516,3833.3333333333335,0.16842947964500868,0.1809123117803366,4500.0,2.917666221909376,26.871216666666665,60.48351666666667,1,synth_acetone_proxy_011,acetone_proxy
0.33635290396833945,0.34692252145385993,4000.0,0.640703066022561,0.6536971591681392,4000.0,0.20516269309391275,0.21946730186227803,4166.666666666667,3.12288717540916,21.659633333333332,52.79288333333332,1,synth_acetone_proxy_012,acetone_proxy
0.28711874721190356,0.29866795001530666,4000.0,0.7090672034700681,0.7290956486865852,4000.0,0.18321399905725025,0.19964953271028038,3833.3333333333335,3.8701373092740177,26.064716666666666,62.22658333333333,1,synth_acetone_proxy_013,acetone_proxy
0.32464412536280024,0.3436340813504796,4000.0,0.47328535598377647,0.48858727190663487,4000.0,0.15045330821436084,0.1774409732962161,4333.333333333333,3.14570823262475,30.673666666666666,55.32203333333333,1,synth_acetone_proxy_014,acetone_proxy
0.12920777567435135,0.14186884204132263,3666.6666666666665,0.34750178290081085,0.3653250773993808,3833.3333333333335,0.07051976442477745,0.07919939739588938,4666.666666666667,4.927651958048206,24.49483333333333,62.275483333333334,1,synth_acetone_proxy_015,acetone_proxy
0.15035256275506537,0.17603102759834366,5000.0,0.20529429090950083,0.22833945715301648,4500.0,0.31153321944076934,0.32850767388701424,3833.3333333333335,0.6589783018957651,27.167383333333337,54.15448333333333,0,synth_coffee_001,coffee
0.14695479596676547,0.155606821025854,4833.333333333333,0.10443370827968479,0.13459485686559922,4666.666666666667,0.3143932997207812,0.3315844700944386,4500.0,0.33217430587142993,28.256966666666667,59.85001666666666,0,synth_coffee_002,coffee
0.16680366835996965,0.17162923390283283,5000.0,0.30363858115729075,0.3192973295539311,4833.333333333333,0.4089954235927342,0.4357653120974353,4833.333333333333,0.74239911070627,21.76575,45.81218333333333,0,synth_coffee_003,coffee
0.14144208161935914,0.1500551988292999,5000.0,0.24344693081467325,0.2572984611487556,4500.0,0.2074525838744968,0.22673613937963039,4166.666666666667,1.1735007237182817,33.700116666666666,65.7401,0,synth_coffee_004,coffee
0.12288821332345508,0.13773038550359215,4833.333333333333,0.2151118444874943,0.23336467147184792,5000.0,0.2889234048598201,0.3109784535024718,4500.0,0.7445263912263208,26.401766666666667,56.87396666666667,0,synth_coffee_005,coffee
0.16165842775669564,0.16989184609013133,4833.333333333333,0.3198667241837599,0.3312241257446737,4833.333333333333,0.47271362249250043,0.4844567888046149,4333.333333333333,0.6766592547892561,27.2399,51.8962,0,synth_coffee_006,coffee
0.16323315898023588,0.17260593028118615,5000.0,0.18945362796413487,0.20743309892767364,4333.333333333333,0.21026146650325647,0.2349375791568663,4500.0,0.9010339844044428,20.899350000000002,44.75875,0,synth_coffee_007,coffee
0.10662242735531131,0.11023190393415558,4833.333333333333,0.34586460327410057,0.3591326369104147,4500.0,0.15432937540504418,0.17980364656381487,4333.333333333333,2.241066299271091,29.698216666666667,57.24308333333333,0,synth_coffee_008,coffee
0.11473191249511518,0.12328073325067367,5000.0,0.24901976402568834,0.2728596003705174,4666.666666666667,0.40580741284534333,0.41680227827502037,4666.666666666667,0.613638742182981,24.298516666666664,45.719316666666664,0,synth_coffee_009,coffee
0.2566871906300157,0.26629808070359795,5000.0,0.2161501500453382,0.22876960569893146,4833.333333333333,0.24695954296207312,0.2560177161563643,4833.333333333333,0.8752416376025436,24.430583333333335,45.67013333333333,0,synth_coffee_010,coffee
0.11727433355664725,0.12382513235686686,4833.333333333333,0.15528476879907216,0.17861164469762206,4833.333333333333,0.2868887735889915,0.30093355299286106,4833.333333333333,0.5412697945153621,28.28193333333333,59.34431666666667,0,synth_coffee_011,coffee
0.11719128625700155,0.1350474995958003,5000.0,0.2001525948159931,0.2357437019997774,4666.666666666667,0.2620509919440109,0.2744043043812452,5000.0,0.7637896332371975,26.733183333333333,49.213350000000005,0,synth_coffee_012,coffee
0.1308706186182293,0.13528067779746075,4500.0,0.1602937156877091,0.18714994908350305,4500.0,0.294884297061143,0.3207568046027882,4833.333333333333,0.5435798843998417,31.14471666666667,64.62155,0,synth_coffee_013,coffee
0.12772239414820705,0.1360467240752826,4833.333333333333,0.22036302776371716,0.23598204690561983,4833.333333333333,0.34049735767095896,0.3459082424599666,4166.666666666667,0.6471779460876733,27.423749999999995,49.321000000000005,0,synth_coffee_014,coffee
0.12371413066271013,0.14426621504800488,4833.333333333333,0.2577298377388053,0.26824881980795784,4833.333333333333,0.23225469249930383,0.2567541856925419,4833.333333333333,1.1096814677193665,29.830466666666666,48.55433333333334,0,synth_coffee_015,coffee
0.38066694694911574,0.3879676739609435,4500.0,0.21882974031674,0.22697336404632903,3833.3333333333335,0.3053611077109874,0.32861749713929056,4000.0,0.7166237551774214,26.32346666666666,53.893366666666665,1,synth_h2o2_proxy_001,h2o2_proxy
0.4564150536305947,0.46044247891011336,4333.333333333333,0.16595641350057427,0.1737137887201445,4166.666666666667,0.49469068947069594,0.5052995648778311,3833.3333333333335,0.3354744319196918,26.322783333333337,51.12865,1,synth_h2o2_proxy_002,h2o2_proxy
0.28474401724245435,0.2895065961336029,5000.0,0.16483318087826712,0.17830477255533994,4500.0,0.4898948079892016,0.5182481751824818,4000.0,0.33646579168503604,26.837750000000003,48.78625,1,synth_h2o2_proxy_003,h2o2_proxy
0.47660493438092294,0.4845938106183488,5000.0,0.23047572134155217,0.26732736984361927,4666.666666666667,0.6670830501308472,0.6875925377554042,4000.0,0.34549727473823544,28.503933333333332,46.05834999999999,1,synth_h2o2_proxy_004,h2o2_proxy
0.3785482374817746,0.3867914196699412,5000.0,0.12372887861426402,0.14097195340817117,4333.333333333333,0.4877950723752953,0.4955596860801322,3833.3333333333335,0.25364877993333007,20.003766666666667,60.4669,1,synth_h2o2_proxy_005,h2o2_proxy
0.49463363009362715,0.508699056489823,5000.0,0.18499942326344687,0.20611682852587332,4166.666666666667,0.3723559832820896,0.39239961244482724,4000.0,0.4968335000267615,23.575116666666663,52.49295,1,synth_h2o2_proxy_006,h2o2_proxy
0.28920764713469554,0.3065861770303348,4333.333333333333,0.1378541679864568,0.1470853412093891,3833.3333333333335,0.2932928486701289,0.3083513793428114,3833.3333333333335,0.47002065884273986,26.19361666666666,57.009666666666675,1,synth_h2o2_proxy_007,h2o2_proxy
0.5138781256573398,0.5204289007414011,4000.0,0.16380816610506788,0.18235563004723448,4500.0,0.4800720818503614,0.49471198274976896,4000.0,0.34121506141043506,29.38203333333333,62.08338333333333,1,synth_h2o2_proxy_008,h2o2_proxy
0.2629528040659588,0.27182824668904665,5000.0,0.10675113952189108,0.11298121060040395,4166.666666666667,0.29670379021521576,0.30907209382545703,4166.666666666667,0.35978906658183313,31.658400000000004,59.72408333333333,1,synth_h2o2_proxy_009,h2o2_proxy
0.4807278474986372,0.4863786599562477,4833.333333333333,0.15960886437824487,0.16811687614136855,4500.0,0.5118032368651784,0.5345095428317799,4000.0,0.3118553010734253,29.791733333333337,50.44003333333334,1,synth_h2o2_proxy_010,h2o2_proxy
0.37165719374854395,0.37883601252427695,4666.666666666667,0.21124511205633467,0.22650493535381622,4000.0,0.2596793008528841,0.27737463446333804,3833.3333333333335,0.8134814668749585,25.688316666666665,63.48178333333333,1,synth_h2o2_proxy_011,h2o2_proxy
0.317099701972338,0.32878438337552923,5000.0,0.175716510457819,0.19334439470306483,4500.0,0.6193374326574473,0.6339083068542896,4000.0,0.28371646452466615,24.253550000000004,44.02766666666667,1,synth_h2o2_proxy_012,h2o2_proxy
0.5503174509652514,0.5672438066363621,4666.666666666667,0.27933154076367295,0.2926214969847464,4166.666666666667,0.525193050469995,0.5484723078277715,4000.0,0.5318634902922068,27.723699999999997,56.95398333333333,1,synth_h2o2_proxy_013,h2o2_proxy
0.27513511665676904,0.2819100645213803,4500.0,0.21264720099526027,0.23178252025958093,4500.0,0.2786555982173096,0.29599723151459223,4166.666666666667,0.7631156138259749,27.97756666666667,69.75035,1,synth_h2o2_proxy_014,h2o2_proxy
0.4604139294489002,0.46739176625831835,4833.333333333333,0.175044558475372,0.1987955815810487,4333.333333333333,0.4333368697429841,0.45619621342512906,4166.666666666667,0.40394475234576716,31.153233333333333,59.68403333333333,1,synth_h2o2_proxy_015,h2o2_proxy
0.3471128508172865,0.3549482683091638,4166.666666666667,0.5976381658631585,0.6131292443677913,4000.0,0.08376873490204062,0.09238516082622547,4333.333333333333,7.134296969687559,26.321899999999996,51.51881666666667,0,synth_hand_sanitizer_001,hand_sanitizer
0.3204402736145449,0.3271735720811532,4833.333333333333,0.4250549898838571,0.45926919208850153,4000.0,0.13822598204370048,0.1541974479516454,4833.333333333333,3.075050786752154,26.873416666666667,45.051633333333335,0,synth_hand_sanitizer_002,hand_sanitizer
0.37045776261653446,0.3857000856496905,4000.0,0.44112068615857236,0.46393119390807724,4000.0,0.11643357139742228,0.14201245908562982,4666.666666666667,3.788571391334535,27.426399999999997,39.32901666666667,0,synth_hand_sanitizer_003,hand_sanitizer
0.3681036789881503,0.37661755012554665,4166.666666666667,0.5592899620090754,0.5732643350814434,4166.666666666667,0.08901630630914838,0.11203173204054649,4666.666666666667,6.2829351414736845,25.51175,73.62781666666666,0,synth_hand_sanitizer_004,hand_sanitizer
0.26690782115081896,0.27044192691987434,4166.666666666667,0.22960600481593288,0.2489813165917117,3500.0,0.09055019518937629,0.10502238660696905,4833.333333333333,2.535648528279954,28.851916666666664,35.936299999999996,0,synth_hand_sanitizer_005,hand_sanitizer
0.30067297553670164,0.3108529749277586,4000.0,0.36293120665694323,0.37801704160576133,4333.333333333333,0.14199803178160877,0.15628445424476295,4333.333333333333,2.555870995058072,22.260266666666666,49.07648333333334,0,synth_hand_sanitizer_006,hand_sanitizer
0.156570890487869,0.16741028273629666,4166.666666666667,0.4837647088049389,0.503864891198441,4000.0,0.09081834535645687,0.09657519676664539,4500.0,5.326670291513451,25.882649999999998,65.55178333333332,0,synth_hand_sanitizer_007,hand_sanitizer
0.2764599960420615,0.28432447909631586,4000.0,0.4260819243315956,0.47563047606356396,4000.0,0.08330482169828912,0.09445086705202312,4000.0,5.114671647736069,28.843716666666662,61.98481666666667,0,synth_hand_sanitizer_008,hand_sanitizer
0.2368883489990683,0.24761659800918384,4000.0,0.40102404577410855,0.42026365100759394,4000.0,0.07656141903971515,0.09899928520371694,3666.6666666666665,5.237870626398125,23.86328333333333,58.87815,0,synth_hand_sanitizer_009,hand_sanitizer
0.3651392262271071,0.3697177949502267,4000.0,0.5017665277332269,0.5174285808864908,4000.0,0.10689644953376938,0.12607244995233555,4333.333333333333,4.693905513383803,32.54783333333333,66.30188333333335,0,synth_hand_sanitizer_010,hand_sanitizer
0.40081689541161786,0.41311690093555103,5000.0,0.44214304718541203,0.4614476524554776,4000.0,0.10754017024722849,0.11662371134020619,4166.666666666667,4.111384004553426,29.329983333333335,30.039916666666667,0,synth_hand_sanitizer_011,hand_sanitizer
0.2841956455533697,0.29993755376517955,4666.666666666667,0.3731829951380072,0.402014539181863,4000.0,0.10569293040038946,0.1234991423670669,3833.3333333333335,3.530789267882426,23.534183333333335,67.11388333333335,0,synth_hand_sanitizer_012,hand_sanitizer
0.32489004845516156,0.32963296730193703,4666.666666666667,0.3087601673299965,0.33832810022694065,4166.666666666667,0.13955314630412,0.14905851843499832,4666.666666666667,2.212475770208492,27.757566666666666,59.442249999999994,0,synth_hand_sanitizer_013,hand_sanitizer
0.5458289615003779,0.5566732764894373,4000.0,0.42089937535102134,0.4322358692700003,4000.0,0.0743194441946654,0.11550181853927062,4500.0,5.6633054324671654,27.823333333333327,45.71048333333333,0,synth_hand_sanitizer_014,hand_sanitizer
0.22954059605531998,0.23396821320396183,4000.0,0.3111270051924099,0.32967287401184137,4000.0,0.13655279057041156,0.14425770308123248,4000.0,2.2784208617920623,26.903133333333336,55.52439999999999,0,synth_hand_sanitizer_015,hand_sanitizer
0.23756505917735596,0.2511317796911988,4333.333333333333,0.4433766001600521,0.45317844684526026,3833.3333333333335,0.05931103146150749,0.08732057416267942,4000.0,7.475323121377086,26.338866666666668,48.90563333333334,1,synth_ipa_proxy_001,ipa_proxy
0.12597399430639725,0.1431944300591758,4000.0,0.4348773998121555,0.46395517889436544,3833.3333333333335,0.058424571682942655,0.07222554293684001,4500.0,7.443271623803691,28.44905,55.21148333333335,1,synth_ipa_proxy_002,ipa_proxy
0.15976061162202307,0.16843743584727236,4000.0,0.5976771801330538,0.6031961674591542,4000.0,0.06713721869360395,0.09058166756708086,4000.0,8.90219001580381,26.625483333333328,47.79085,1,synth_ipa_proxy_003,ipa_proxy
0.22794112071523842,0.23515016108066555,4000.0,0.42368405334377046,0.4451362994605944,4000.0,0.09650855081952923,0.11411262290197637,4166.666666666667,4.390073829439435,28.55393333333333,66.94556666666666,1,synth_ipa_proxy_004,ipa_proxy
0.20863624170970116,0.22166744940973263,4000.0,0.45174630788576975,0.4637115711137603,3833.3333333333335,0.039736288116659024,0.04578340492878137,4500.0,11.368322532719201,26.158316666666668,55.391633333333324,1,synth_ipa_proxy_005,ipa_proxy
0.1963076350822949,0.20329476802635846,4000.0,0.43022959176288356,0.4481542063568427,3833.3333333333335,0.08203099593463785,0.11677852348993288,4166.666666666667,5.244655903602364,24.31243333333333,54.369383333333325,1,synth_ipa_proxy_006,ipa_proxy
0.22934486802855325,0.24045038482103068,4000.0,0.578305798705506,0.5966352707894411,3833.3333333333335,0.0897799353548913,0.10746042073302971,4166.666666666667,6.441298438466309,25.440800000000003,64.16460000000001,1,synth_ipa_proxy_007,ipa_proxy
0.20495316916776793,0.2258173899256241,4000.0,0.46889879870173284,0.48389478866305646,4000.0,0.07861644652417998,0.09403960589210808,4333.333333333333,5.9643096975620535,29.8153,73.5885666666667,1,synth_ipa_proxy_008,ipa_proxy
0.11643944048189786,0.12089325372454758,4166.666666666667,0.46836675985152487,0.4762902304322986,4000.0,0.0789663197643128,0.0928361138370952,3833.3333333333335,5.931146723092796,25.41935,66.52448333333334,1,synth_ipa_proxy_009,ipa_proxy
0.2631463186641723,0.26883361166830166,4166.666666666667,0.6214859357272974,0.6385246646276838,4000.0,0.07075938996896261,0.0781785392245266,4500.0,8.782963689147243,28.395600000000005,46.768316666666664,1,synth_ipa_proxy_010,ipa_proxy
0.22318824396135872,0.2319911397311914,4000.0,0.586421147983916,0.6147403685092128,4000.0,0.08921983312064559,0.10702758979698074,4166.666666666667,6.5726930300118305,26.346916666666665,44.27391666666667,1,synth_ipa_proxy_011,ipa_proxy
0.2175791107064641,0.2311437817893502,4000.0,0.6084813747755597,0.6203587009209889,4000.0,0.06760989053807974,0.07715813598166539,4166.666666666667,8.999753884810191,29.83031666666667,53.22291666666668,1,synth_ipa_proxy_012,ipa_proxy
0.0657843945856833,0.07792893313949963,3666.6666666666665,0.4581578247691353,0.4881919195351524,3833.3333333333335,0.0632048102126154,0.07898600371929138,4166.666666666667,7.248666273368813,27.463883333333335,80.01778333333336,1,synth_ipa_proxy_013,ipa_proxy
0.37013254027579473,0.3732416682204717,4000.0,0.5936141695681508,0.6014821047181412,4000.0,0.0966873818014088,0.10883632120504932,4500.0,6.139457073419565,25.058083333333336,46.85646666666666,1,synth_ipa_proxy_014,ipa_proxy
0.21246709895122626,0.2194685478575686,4000.0,0.543473928064932,0.5572390572390572,4000.0,0.11178460840211984,0.1251499057735138,4500.0,4.8617522043618076,23.663633333333333,56.686416666666666,1,synth_ipa_proxy_015,ipa_proxy
0.3419825129746115,0.35222602732232705,5000.0,0.32009190088263373,0.33619238222306935,4833.333333333333,0.08572388278627363,0.10636310566258027,4666.666666666667,3.7339438734570916,23.00611666666667,63.77601666666668,0,synth_perfume_001,perfume
0.2178683341968806,0.22675701222134437,5000.0,0.4752978350238679,0.4924384974562687,4000.0,0.05991363252536596,0.0765392581434758,4666.666666666667,7.93291746924496,29.12138333333333,62.12905000000001,0,synth_perfume_002,perfume
0.2185187191145146,0.22503451126544294,4666.666666666667,0.2833996316190937,0.3005445881552076,4666.666666666667,0.04695328249420424,0.07041080680977053,4333.333333333333,6.035650351042525,27.568800000000007,62.05558333333334,0,synth_perfume_003,perfume
0.1798817247219625,0.18756623884093215,4666.666666666667,0.3054696609589453,0.3156233743714236,4666.666666666667,0.056267583839481196,0.07585068329817482,3833.3333333333335,5.42877819406947,28.694049999999997,74.83476666666664,0,synth_perfume_004,perfume
0.14892222401444977,0.15845417753187782,4666.666666666667,0.23883594728271992,0.250169083940783,4166.666666666667,0.04568535388728253,0.05458458889367197,4833.333333333333,5.2277305357301325,26.565516666666667,62.38336666666667,0,synth_perfume_005,perfume
0.37232000709501345,0.38202153943544154,5000.0,0.43839588230848275,0.4586717926458734,4666.666666666667,0.05869658495807015,0.0756021409455843,4166.666666666667,7.468720946894921,25.492966666666657,36.45531666666667,0,synth_perfume_006,perfume
0.24484218056550133,0.2570786001032305,4833.333333333333,0.29437626764965036,0.3260924203798786,4333.333333333333,0.023258666825311164,0.04167167046955687,4000.0,12.6560827315596,26.6012,50.01201666666667,0,synth_perfume_007,perfume
0.1741678745014961,0.1837844022156331,4833.333333333333,0.24942540823429082,0.26922959105529176,4833.333333333333,0.05101648145192019,0.06953004622496148,3833.3333333333335,4.889018452809237,26.822333333333333,59.13430000000001,0,synth_perfume_008,perfume
0.21415236569770868,0.228358274283853,4666.666666666667,0.32728549674072366,0.35270613875771883,4833.333333333333,0.033038979009269075,0.04193422844911461,3000.0,9.905741666751863,25.62703333333333,64.65725,0,synth_perfume_009,perfume
0.21226028749131073,0.2181580709510735,4833.333333333333,0.24688204401198358,0.25681464792307934,4166.666666666667,0.06183405968081348,0.0973387180283732,4166.666666666667,3.992590049825528,24.230399999999996,58.982,0,synth_perfume_010,perfume
0.16422421559151876,0.18134607735132202,5000.0,0.30961252933833905,0.31997040425102574,4833.333333333333,0.02845092321783503,0.0493385770468359,3833.3333333333335,10.881954339883043,23.59438333333333,59.377399999999994,0,synth_perfume_011,perfume
0.32377409101881743,0.3331694858216369,4833.333333333333,0.2458644914463911,0.2652500161718093,4666.666666666667,0.030993238363827252,0.0394581227824965,4000.0,7.932586971820368,29.6221,47.90853333333333,0,synth_perfume_012,perfume
0.2316363508804172,0.24416595909074945,5000.0,0.30660097307873785,0.3189287436477614,4500.0,0.05591833172283803,0.07434171451197782,4166.666666666667,5.482915543382985,31.268933333333337,41.04868333333334,0,synth_perfume_013,perfume
0.30175641928470925,0.3109796360072753,5000.0,0.2697418188581693,0.27579620317311815,4333.333333333333,0.06482991436318626,0.07576679120688157,4000.0,4.160697431275782,28.399383333333333,68.28558333333334,0,synth_perfume_014,perfume
0.4025142995038138,0.410091909413653,5000.0,0.40045963000273715,0.41849813719793555,4500.0,0.030702082911766473,0.042229524157235,3333.3333333333335,13.042977838856283,25.04945,59.55225,0,synth_perfume_015,perfume
