timestamp_ms,uptime_ms,state,ambient_temp,ambient_hum,voc_raw,nox_raw,gas_resistance,threat_alert,label,session_id,compound
0,0,PURGE,29.12,62.12,28281,10431,124683.81,0,0,synth_perfume_002,perfume
1000,1000,PURGE,29.147,62.081,27997,10349,122218.44,0,0,synth_perfume_002,perfume
2000,2000,PURGE,29.092,62.079,28638,10590,123711.59,0,0,synth_perfume_002,perfume
3000,3000,PURGE,29.128,62.038,28698,10565,124776.68,0,0,synth_perfume_002,perfume
4000,4000,SAMPLE,29.126,62.01,28820,10560,125261.77,0,0,synth_perfume_002,perfume
5000,5000,SAMPLE,29.111,62.1,22355,10405,114877.04,0,0,synth_perfume_002,perfume
6000,6000,SAMPLE,29.124,62.194,18442,10102,108402.93,0,0,synth_perfume_002,perfume
7000,7000,SAMPLE,29.112,62.101,16958,10145,104106.68,0,0,synth_perfume_002,perfume
8000,8000,SAMPLE,29.123,62.008,14566,10149,99068.24,0,0,synth_perfume_002,perfume
9000,9000,SAMPLE,29.097,62.149,15054,9984,96980.6,0,0,synth_perfume_002,perfume
10000,10000,PURGE,29.137,62.115,27926,10576,127204.96,0,0,synth_perfume_002,perfume
11000,11000,PURGE,29.137,62.148,28046,10678,126612.13,0,0,synth_perfume_002,perfume
12000,12000,PURGE,29.105,62.047,27980,10371,127807.0,0,0,synth_perfume_002,perfume
13000,13000,PURGE,29.142,62.036,27909,10521,127575.59,0,0,synth_perfume_002,perfume
14000,14000,SAMPLE,29.109,62.183,28441,10486,128164.58,0,0,synth_perfume_002,perfume
15000,15000,SAMPLE,29.154,61.974,22983,10425,117332.94,0,0,synth_perfume_002,perfume
16000,16000,SAMPLE,29.128,62.162,18764,10085,111658.07,0,0,synth_perfume_002,perfume
17000,17000,SAMPLE,29.135,62.182,16830,10122,106781.27,0,0,synth_perfume_002,perfume
18000,18000,SAMPLE,29.105,62.271,14899,9952,100996.36,0,0,synth_perfume_002,perfume
19000,19000,SAMPLE,29.117,62.192,15172,9838,100586.47,0,0,synth_perfume_002,perfume
20000,20000,PURGE,29.121,62.07,28003,10821,130095.46,0,0,synth_perfume_002,perfume
21000,21000,PURGE,29.119,61.962,28184,10576,131632.32,0,0,synth_perfume_002,perfume
22000,22000,PURGE,29.117,62.057,28039,10378,132393.1,0,0,synth_perfume_002,perfume
23000,23000,PURGE,29.128,62.23,27705,10476,131437.75,0,0,synth_perfume_002,perfume
24000,24000,SAMPLE,29.11,62.255,27430,10654,131629.3,0,0,synth_perfume_002,perfume
25000,25000,SAMPLE,29.125,62.098,21944,10545,121075.01,0,0,synth_perfume_002,perfume
26000,26000,SAMPLE,29.127,62.172,18702,10189,114526.01,0,0,synth_perfume_002,perfume
27000,27000,SAMPLE,29.12,62.227,15757,10095,109721.93,0,0,synth_perfume_002,perfume
28000,28000,SAMPLE,29.136,62.285,14454,10185,105884.76,0,0,synth_perfume_002,perfume
29000,29000,SAMPLE,29.124,62.218,14512,10051,103769.99,0,0,synth_perfume_002,perfume
30000,30000,PURGE,29.138,62.133,27402,10718,133660.03,0,0,synth_perfume_002,perfume
31000,31000,PURGE,29.126,62.06,27976,10565,133961.26,0,0,synth_perfume_002,perfume
32000,32000,PURGE,29.123,61.994,27919,10502,135557.99,0,0,synth_perfume_002,perfume
33000,33000,PURGE,29.085,62.216,27974,10753,135333.72,0,0,synth_perfume_002,perfume
34000,34000,SAMPLE,29.135,62.148,27750,10702,135093.97,0,0,synth_perfume_002,perfume
35000,35000,SAMPLE,29.143,62.124,22344,10498,126238.36,0,0,synth_perfume_002,perfume
36000,36000,SAMPLE,29.158,62.264,18247,10566,118691.21,0,0,synth_perfume_002,perfume
37000,37000,SAMPLE,29.12,62.113,16217,10026,110025.64,0,0,synth_perfume_002,perfume
38000,38000,SAMPLE,29.127,62.037,14850,10353,108714.71,0,0,synth_perfume_002,perfume
39000,39000,SAMPLE,29.106,62.253,14956,9942,104645.85,0,0,synth_perfume_002,perfume
40000,40000,PURGE,29.114,62.087,27400,10619,136766.02,0,0,synth_perfume_002,perfume
41000,41000,PURGE,29.122,62.22,28212,10493,138019.31,0,0,synth_perfume_002,perfume
42000,42000,PURGE,29.113,62.183,27513,10801,138414.57,0,0,synth_perfume_002,perfume
43000,43000,PURGE,29.112,62.063,27796,10622,138880.65,0,0,synth_perfume_002,perfume
44000,44000,SAMPLE,29.111,62.038,28157,10723,138588.93,0,0,synth_perfume_002,perfume
45000,45000,SAMPLE,29.133,62.164,21573,10376,128018.77,0,0,synth_perfume_002,perfume
46000,46000,SAMPLE,29.109,62.061,18776,10610,121286.22,0,0,synth_perfume_002,perfume
47000,47000,SAMPLE,29.107,62.247,15969,10264,115748.69,0,0,synth_perfume_002,perfume
48000,48000,SAMPLE,29.137,62.113,14394,9809,110115.29,0,0,synth_perfume_002,perfume
49000,49000,SAMPLE,29.119,62.06,14965,9879,107952.87,0,0,synth_perfume_002,perfume
50000,50000,PURGE,29.129,62.154,27697,10568,140745.32,0,0,synth_perfume_002,perfume
51000,51000,PURGE,29.128,62.128,27878,10641,141594.02,0,0,synth_perfume_002,perfume
52000,52000,PURGE,29.094,62.188,27516,10778,142269.11,0,0,synth_perfume_002,perfume
53000,53000,PURGE,29.135,62.201,27181,10565,141703.8,0,0,synth_perfume_002,perfume
54000,54000,SAMPLE,29.111,62.226,27473,10657,141942.76,0,0,synth_perfume_002,perfume
55000,55000,SAMPLE,29.108,62.106,22415,10517,130848.05,0,0,synth_perfume_002,perfume
56000,56000,SAMPLE,29.153,62.011,18843,10321,124836.01,0,0,synth_perfume_002,perfume
57000,57000,SAMPLE,29.109,62.03,15981,10247,116839.71,0,0,synth_perfume_002,perfume
58000,58000,SAMPLE,29.091,62.285,14580,10068,112870.74,0,0,synth_perfume_002,perfume
59000,59000,SAMPLE,29.111,62.072,14760,10204,111529.63,0,0,synth_perfume_002,perfume
